[
    {
        "id": 1,
        "name": "Avatar",
        "img": "../images/Avatar Posters.jpeg",
        "rating": [ 5, 4, 5, 3 ]
    },
    {
        "id": 2,
        "name": "Avengers Infinity War",
        "img": "../images/Avengers Infinity War Poster.jpeg",
        "rating": [ 3, 4, 4, 1 ]
    },
    {
        "id": 3,
        "name": "Jurassic World",
        "img": "../images/Jurassic World.jpeg",
        "rating": [ 3, 5, 5, 3 ]
    },
    {
        "id": 4,
        "name": "Thor",
        "img": "../images/Thor poster.jpeg",
        "rating": [ 3, 4, 5, 2 ]
    }
]